ID,Subject,From,Date,Has PDF Attachment,Attachment Names
19ea821a0b592a54,Statement of Account 23AA71182 For Period : MAY 2026,"""BNIS SOA (Do Not Reply)"" <no-reply@bnisekuritas.co.id>",8 Jun 2026 22:11:19 +0700,No,
19e945aa6d7c4377,Client Statement M2C58A3E of 31-May-2026,CC Admin <cc_admin@mandirisekuritas.co.id>,"Fri, 5 Jun 2026 03:46:13 +0700",No,
19e88c0835a0d150,Statement of Account MARCHEL MATTHEW HOTASI MANULLANG 02-05-2026,Stockbit <no-reply@stockbit.com>,"Tue, 2 Jun 2026 14:32:57 +0000",No,
19e4a48272f02490,Trade Confirmation MARCHEL MATTHEW HOTASI MANULLANG 21-05-2026,Stockbit <no-reply@stockbit.com>,"Thu, 21 May 2026 11:25:02 +0000",No,
19e08f7977798cec,Statement of Account 23AA71182 For Period : APR 2026,"""BNIS SOA (Do Not Reply)"" <no-reply@bnisekuritas.co.id>",9 May 2026 02:01:30 +0700,No,
19dfe4b89e93f983,Client Statement M2C58A3E of 30-Apr-2026,CC Admin <cc_admin@mandirisekuritas.co.id>,"Thu, 7 May 2026 00:26:16 +0700",No,
19df2de1844e9780,Trade Confirmation MARCHEL MATTHEW HOTASI MANULLANG 04-05-2026,Stockbit <no-reply@stockbit.com>,"Mon, 4 May 2026 12:02:14 +0000",No,
19de9dc72a850c08,Statement of Account MARCHEL MATTHEW HOTASI MANULLANG 02-04-2026,Stockbit <no-reply@stockbit.com>,"Sat, 2 May 2026 18:03:50 +0000",No,
19dda88112848c8e,TRADE CONFIRMATION-23AA71182-MARCHEL MATTHEW HOTASI MANULLANG-29-Apr-2026,Settlement BNI Sekuritas <settlement.bnis@bnisekuritas.co.id>,30 Apr 2026 01:29:45 +0700,No,
19d9b8f9e2f25224,Trade Confirmation MARCHEL MATTHEW HOTASI MANULLANG 17-04-2026,Stockbit <no-reply@stockbit.com>,"Fri, 17 Apr 2026 13:09:33 +0000",No,
19d7779314fc09c9,TRADE CONFIRMATION-23AA71182-MARCHEL MATTHEW HOTASI MANULLANG-10-Apr-2026,Settlement BNI Sekuritas <settlement.bnis@bnisekuritas.co.id>,10 Apr 2026 19:46:44 +0700,No,
19d773edbe43391d,Trade Confirmation IPO WBSA MARCHEL MATTHEW HOTASI MANULLANG 08-04-2026,Stockbit <no-reply@stockbit.com>,"Fri, 10 Apr 2026 11:55:00 +0000",No,
19d7127e55c46059,Statement of Account 23AA71182 For Period : MAR 2026,"""BNIS SOA (Do Not Reply)"" <no-reply@bnisekuritas.co.id>",8 Apr 2026 18:21:26 +0700,No,
19d5921a4302e0ee,Client Statement M2C58A3E of 31-Mar-2026,CC Admin <cc_admin@mandirisekuritas.co.id>,"Sat, 4 Apr 2026 22:42:51 +0700",No,
19d4e2f838f05ff2,Trade Confirmation MARCHEL MATTHEW HOTASI MANULLANG 02-04-2026,Stockbit <no-reply@stockbit.com>,"Thu, 2 Apr 2026 12:33:49 +0000",No,
19d4956e9a306265,Statement of Account MARCHEL MATTHEW HOTASI MANULLANG 01-03-2026,Stockbit <no-reply@stockbit.com>,"Wed, 1 Apr 2026 13:58:44 +0000",No,
19d43a689e1a6519,Trade Confirmation MARCHEL MATTHEW HOTASI MANULLANG 31-03-2026,Stockbit <no-reply@stockbit.com>,"Tue, 31 Mar 2026 11:27:59 +0000",No,
19d3e6af6d6eed71,Trade Confirmation MARCHEL MATTHEW HOTASI MANULLANG 30-03-2026,Stockbit <no-reply@stockbit.com>,"Mon, 30 Mar 2026 11:04:48 +0000",No,
19d24c5a39fdf22e,Trade Confirmation MARCHEL MATTHEW HOTASI MANULLANG 25-03-2026,Stockbit <no-reply@stockbit.com>,"Wed, 25 Mar 2026 11:33:44 +0000",No,
19cf669e6b365ec6,Trade Confirmation MARCHEL MATTHEW HOTASI MANULLANG 16-03-2026,Stockbit <no-reply@stockbit.com>,"Mon, 16 Mar 2026 11:31:00 +0000",No,
