Email Subject,Ticker,Type,Lot,Price,Amount Done,Date,Broker
Trade Confirmation MARCHEL MATTHEW HOTASI MANULLANG 21-05-2026,CDIA,BUY,6,705.00,423000.00,2026-05-21,Stockbit Sekuritas
Trade Confirmation MARCHEL MATTHEW HOTASI MANULLANG 04-05-2026,BTPS,BUY,6,980.00,588000.00,2026-05-04,Stockbit Sekuritas
Trade Confirmation MARCHEL MATTHEW HOTASI MANULLANG 17-04-2026,WBSA,BUY,3,685.00,205500.00,2026-04-17,Stockbit Sekuritas
Trade Confirmation MARCHEL MATTHEW HOTASI MANULLANG 02-04-2026,CUAN,BUY,5,1050.00,525000.00,2026-04-02,Stockbit Sekuritas
Trade Confirmation MARCHEL MATTHEW HOTASI MANULLANG 02-04-2026,ASSA,BUY,7,840.00,588000.00,2026-04-02,Stockbit Sekuritas
Trade Confirmation MARCHEL MATTHEW HOTASI MANULLANG 02-04-2026,CUAN,BUY,5,1045.00,522500.00,2026-04-02,Stockbit Sekuritas
Trade Confirmation MARCHEL MATTHEW HOTASI MANULLANG 31-03-2026,ASSA,BUY,7,780.00,546000.00,2026-03-31,Stockbit Sekuritas
Trade Confirmation MARCHEL MATTHEW HOTASI MANULLANG 30-03-2026,BBRI,BUY,2,3380.00,676000.00,2026-03-30,Stockbit Sekuritas
Trade Confirmation MARCHEL MATTHEW HOTASI MANULLANG 30-03-2026,MIDI,BUY,19,302.00,573800.00,2026-03-30,Stockbit Sekuritas
Trade Confirmation MARCHEL MATTHEW HOTASI MANULLANG 25-03-2026,MIDI,BUY,19,284.00,539600.00,2026-03-25,Stockbit Sekuritas
Trade Confirmation MARCHEL MATTHEW HOTASI MANULLANG 16-03-2026,BBCA,BUY,1,6850.00,685000.00,2026-03-16,Stockbit Sekuritas
Trade Confirmation MARCHEL MATTHEW HOTASI MANULLANG 16-03-2026,BTPS,BUY,10,1040.00,1040000.00,2026-03-16,Stockbit Sekuritas
Trade Confirmation MARCHEL MATTHEW HOTASI MANULLANG 16-03-2026,BBCA,BUY,1,6750.00,675000.00,2026-03-16,Stockbit Sekuritas
